cochesNetMarcaId,cochesNetModeloId,milanunciosMarcaId,milanunciosModeloId,wallapopMarcaId,wallapopModeloId
1330,1186,Abarth,124 Spider,Abarth,124 Spider
1330,916,Abarth,500,Abarth,500
1330,970,Abarth,500C,Abarth,500C
1330,984,Abarth,695,Abarth,695
1330,917,Abarth,Grande Punto,Abarth,Grande Punto
1330,1040,Abarth,Punto,Abarth,Punto
1330,969,Abarth,Punto EVO,Abarth,Punto EVO
1408,1394,None,None,None,None
1408,1459,None,None,None,None
1,186,Alfa Romeo,145,Alfa Romeo,145
1,205,Alfa Romeo,146,Alfa Romeo,146
1,187,Alfa Romeo,147,Alfa Romeo,147
1,58,Alfa Romeo,155,Alfa Romeo,155
1,59,Alfa Romeo,156,Alfa Romeo,156
1,60,Alfa Romeo,159,Alfa Romeo,159
1,87,Alfa Romeo,164,Alfa Romeo,164
1,217,Alfa Romeo,166,Alfa Romeo,166
1,771,Alfa Romeo,33,Alfa Romeo,33
1,1066,Alfa Romeo,4C,Alfa Romeo,4C
1,770,Alfa Romeo,75,Alfa Romeo,75
1,769,Alfa Romeo,90,Alfa Romeo,90
1,559,Alfa Romeo,Brera,Alfa Romeo,Brera
1,537,Alfa Romeo,Crosswagon,Alfa Romeo,Crosswagon
1,1185,Alfa Romeo,Giulia,Alfa Romeo,Giulia
1,872,Alfa Romeo,Giulietta,Alfa Romeo,Giulietta
1,532,Alfa Romeo,GT,Alfa Romeo,GT
1,207,Alfa Romeo,GTV,Alfa Romeo,GTV
1,1547,Alfa Romeo,None,Alfa Romeo,None
1,1546,Alfa Romeo,None,Alfa Romeo,None
1,907,Alfa Romeo,MiTo,Alfa Romeo,MiTo
1,208,Alfa Romeo,Spider,Alfa Romeo,Spider
1,873,Alfa Romeo,Sprint,Alfa Romeo,Sprint
1,1217,Alfa Romeo,Stelvio,Alfa Romeo,Stelvio
1,1417,Alfa Romeo,None,Alfa Romeo,None
1377,1288,None,A110,None,A110
1377,1573,None,None,None,None
238,159,Aro,10,Aro,10
238,160,Aro,24,Aro,24
238,791,Aro,Dacia,Aro,Dacia
238,30,Aro,Expander,Aro,Expander
1326,358,Asia,Rocsta,Asia,Rocsta
2,742,Asia Motors,None,Asia Motors,None
3,993,Aston Martin,Cygnet,Aston Martin,Cygnet
3,1302,Aston Martin,DB11,Aston Martin,DB11
3,368,Aston Martin,DB7,Aston Martin,DB7
3,387,Aston Martin,DB9,Aston Martin,DB9
3,630,Aston Martin,DBS,Aston Martin,DBS
3,1300,Aston Martin,DBS Superleggera,Aston Martin,DBS Superleggera
3,1309,Aston Martin,DBX,Aston Martin,DBX
3,952,Aston Martin,Rapide,Aston Martin,Rapide
3,369,Aston Martin,V8,Aston Martin,V8
3,578,Aston Martin,V8 Vantage,Aston Martin,V8 Vantage
3,446,Aston Martin,Vanquish,Aston Martin,Vanquish
3,579,Aston Martin,Vantage,Aston Martin,Vantage
3,947,Aston Martin,Vantage V12,Aston Martin,Vantage V12
3,946,Aston Martin,Vantage V8,Aston Martin,Vantage V8
3,756,Aston Martin,Virage,Aston Martin,Virage
3,755,Aston Martin,Volante,Aston Martin,Volante
4,870,Audi,100,Audi,100
4,869,Audi,200,Audi,200
4,6,Audi,80,Audi,80
4,871,Audi,90,Audi,90
4,966,Audi,A1,Audi,A1
4,419,Audi,A2,Audi,A2
4,345,Audi,A3,Audi,A3
4,7,Audi,A4,Audi,A4
4,1275,Audi,A4 Allroad,Audi,A4 Allroad
4,925,Audi,A4 Allroad Quattro,Audi,A4 Allroad Quattro
4,611,Audi,A5,Audi,A5
4,27,Audi,A6,Audi,A6
4,1023,Audi,A6 allroad quattro,Audi,A6 allroad quattro
4,1581,Audi,None,Audi,None
4,974,Audi,A7,Audi,A7
4,105,Audi,A8,Audi,A8
4,414,Audi,Allroad Quattro,Audi,Allroad Quattro
4,230,Audi,Cabriolet,Audi,Cabriolet
4,100,Audi,Coupe,Audi,Coupe
4,1267,Audi,e-tron,Audi,e-tron
4,1353,Audi,None,Audi,None
4,1307,Audi,e-tron Sportback,Audi,e-tron Sportback
4,1199,Audi,Q2,Audi,Q2
4,999,Audi,Q3,Audi,Q3
4,1293,Audi,Q3 Sportback,Audi,Q3 Sportback
4,1368,Audi,None,Audi,None
4,1376,Audi,None,Audi,None
4,904,Audi,Q5,Audi,Q5
4,1342,Audi,None,Audi,None
4,1545,Audi,None,Audi,None
4,571,Audi,Q7,Audi,Q7
4,1255,Audi,Q8,Audi,Q8
4,1457,Audi,None,Audi,None
4,1458,Audi,None,Audi,None
4,1491,Audi,None,Audi,None
4,608,Audi,R8,Audi,R8
4,104,Audi,RS2,Audi,RS2
4,991,Audi,RS3,Audi,RS3
4,416,Audi,RS4,Audi,RS4
4,960,Audi,RS5,Audi,RS5
4,459,Audi,RS6,Audi,RS6
4,1054,Audi,RS7,Audi,RS7
4,1117,Audi,S1,Audi,S1
4,103,Audi,S2,Audi,S2
4,408,Audi,S3,Audi,S3
4,359,Audi,S4,Audi,S4
4,612,Audi,S5,Audi,S5
4,96,Audi,S6,Audi,S6
4,1030,Audi,S7,Audi,S7
4,344,Audi,S8,Audi,S8
4,1048,Audi,SQ5,Audi,SQ5
4,1184,Audi,SQ7,Audi,SQ7
4,360,Audi,TT,Audi,TT
4,933,Audi,TT RS,Audi,TT RS
4,888,Audi,TTS,Audi,TTS
4,868,Audi,V8,Audi,V8
111,865,Austin,None,Austin,None
111,866,Austin,None,Austin,None
111,726,Austin,Mini,Austin,Mini
111,867,Austin,None,Austin,None
111,768,Austin,Montego,Austin,Montego
1321,790,Auverland,Diesel,Auverland,Diesel
6,312,Bentley,Arnage,Bentley,Arnage
6,268,Bentley,Azure,Bentley,Azure
6,1168,Bentley,Bentayga,Bentley,Bentayga
6,265,Bentley,Brooklands,Bentley,Brooklands
6,267,Bentley,Continental,Bentley,Continental
6,553,Bentley,Continental Flying Spur,Bentley,Continental Flying Spur
6,494,Bentley,Continental GT,Bentley,Continental GT
6,926,Bentley,Continental GTC,Bentley,Continental GTC
6,1024,Bentley,Continental Supersports,Bentley,Continental Supersports
6,736,Bentley,Eight,Bentley,Eight
6,1079,Bentley,Flying Spur,Bentley,Flying Spur
6,735,Bentley,Mulsanne,Bentley,Mulsanne
6,266,Bentley,Turbo,Bentley,Turbo
6,734,Bentley,Turbo R,Bentley,Turbo R
241,789,Bertone,Freeclimber Diesel,Bertone,Freeclimber Diesel
7,171,Bmw,Compact,Bmw,Compact
7,1056,Bmw,i3,Bmw,i3
7,1374,Bmw,None,Bmw,None
7,1498,Bmw,None,Bmw,None
7,1422,Bmw,None,Bmw,None
7,1085,Bmw,i8,Bmw,i8
7,1361,Bmw,None,Bmw,None
7,1444,Bmw,None,Bmw,None
7,1515,Bmw,None,Bmw,None
7,1324,Bmw,iX3,Bmw,iX3
7,539,Bmw,Serie 1,Bmw,Serie 1
7,1092,Bmw,Serie 2,Bmw,Serie 2
7,1158,Bmw,Serie 2 Active Tourer,Bmw,Serie 2 Active Tourer
7,1159,Bmw,Serie 2 Gran Tourer,Bmw,Serie 2 Gran Tourer
7,70,Bmw,Serie 3,Bmw,Serie 3
7,1084,Bmw,Serie 4,Bmw,Serie 4
7,71,Bmw,Serie 5,Bmw,Serie 5
7,514,Bmw,Serie 6,Bmw,Serie 6
7,177,Bmw,Serie 7,Bmw,Serie 7
7,178,Bmw,Serie 8,Bmw,Serie 8
7,944,Bmw,X1,Bmw,X1
7,1241,Bmw,X2,Bmw,X2
7,515,Bmw,X3,Bmw,X3
7,1119,Bmw,X4,Bmw,X4
7,438,Bmw,X5,Bmw,X5
7,880,Bmw,X6,Bmw,X6
7,1259,Bmw,X7,Bmw,X7
7,1445,Bmw,None,Bmw,None
7,864,Bmw,Z1,Bmw,Z1
7,282,Bmw,Z3,Bmw,Z3
7,291,Bmw,Z4,Bmw,Z4
7,394,Bmw,Z8,Bmw,Z8
1345,1061,None,Veyron,None,Veyron
1352,1480,None,None,None,None
1352,1492,None,None,None,None
1352,1112,None,None,None,None
1352,1482,None,None,None,None
1352,1509,None,None,None,None
1352,1536,None,None,None,None
1352,1479,None,None,None,None
8,549,Cadillac,BLS,Cadillac,BLS
8,504,Cadillac,CTS,Cadillac,CTS
8,240,Cadillac,El Dorado,Cadillac,El Dorado
8,547,Cadillac,Escalade,Cadillac,Escalade
8,238,Cadillac,Seville,Cadillac,Seville
8,540,Cadillac,SRX,Cadillac,SRX
8,239,Cadillac,STS,Cadillac,STS
8,519,Cadillac,XLR,Cadillac,XLR
1415,1473,None,None,None,None
1415,1471,None,None,None,None
9,384,Chevrolet,Alero,Chevrolet,Alero
9,245,Chevrolet,Astro,Chevrolet,Astro
9,502,Chevrolet,Aveo,Chevrolet,Aveo
9,244,Chevrolet,Blazer,Chevrolet,Blazer
9,367,Chevrolet,Camaro,Chevrolet,Camaro
9,592,Chevrolet,Captiva,Chevrolet,Captiva
9,243,Chevrolet,Corvette,Chevrolet,Corvette
9,1089,Chevrolet,Corvette Stingray,Chevrolet,Corvette Stingray
9,932,Chevrolet,Cruze,Chevrolet,Cruze
9,584,Chevrolet,Epica,Chevrolet,Epica
9,364,Chevrolet,Evanda,Chevrolet,Evanda
9,886,Chevrolet,HHR,Chevrolet,HHR
9,501,Chevrolet,Kalos,Chevrolet,Kalos
9,517,Chevrolet,Lacetti,Chevrolet,Lacetti
9,1029,Chevrolet,Malibu,Chevrolet,Malibu
9,374,Chevrolet,Matiz,Chevrolet,Matiz
9,297,Chevrolet,Nubira,Chevrolet,Nubira
9,988,Chevrolet,Orlando,Chevrolet,Orlando
9,954,Chevrolet,Spark,Chevrolet,Spark
9,444,Chevrolet,Tacuma,Chevrolet,Tacuma
9,440,Chevrolet,Tahoe,Chevrolet,Tahoe
9,451,Chevrolet,TrailBlazer,Chevrolet,TrailBlazer
9,366,Chevrolet,Trans Sport,Chevrolet,Trans Sport
9,1070,Chevrolet,Trax,Chevrolet,Trax
9,1014,Chevrolet,Volt,Chevrolet,Volt
10,520,Chrysler,300C,Chrysler,300C
10,119,Chrysler,300M,Chrysler,300M
10,512,Chrysler,Crossfire,Chrysler,Crossfire
10,123,Chrysler,Grand Voyager,Chrysler,Grand Voyager
10,862,Chrysler,Le Baron,Chrysler,Le Baron
10,135,Chrysler,Neon,Chrysler,Neon
10,246,Chrysler,New Yorker,Chrysler,New Yorker
10,441,Chrysler,PT Cruiser,Chrysler,PT Cruiser
10,863,Chrysler,Saratoga,Chrysler,Saratoga
10,144,Chrysler,Sebring,Chrysler,Sebring
10,145,Chrysler,Sebring 200C,Chrysler,Sebring 200C
10,143,Chrysler,Stratus,Chrysler,Stratus
10,124,Chrysler,Viper,Chrysler,Viper
10,118,Chrysler,Vision,Chrysler,Vision
10,137,Chrysler,Voyager,Chrysler,Voyager
11,860,Citroen,2CV,Citroen,2CV
11,1463,Citroen,None,Citroen,None
11,127,Citroen,AX,Citroen,AX
11,678,Citroen,Berlingo,Citroen,Berlingo
11,896,Citroen,Berlingo First,Citroen,Berlingo First
11,745,Citroen,BX,Citroen,BX
11,556,Citroen,C1,Citroen,C1
11,635,Citroen,C-15,Citroen,C-15
11,251,Citroen,C2,Citroen,C2
11,761,Citroen,C25,Citroen,C25
11,485,Citroen,C3,Citroen,C3
11,1224,Citroen,C3 Aircross,Citroen,C3 Aircross
11,1538,Citroen,None,Citroen,None
11,927,Citroen,C3 Picasso,Citroen,C3 Picasso
11,496,Citroen,C3 Pluriel,Citroen,C3 Pluriel
11,353,Citroen,C4,Citroen,C4
11,1031,Citroen,C4 Aircross,Citroen,C4 Aircross
11,1118,Citroen,C4 Cactus,Citroen,C4 Cactus
11,619,Citroen,C4 Picasso,Citroen,C4 Picasso
11,890,Citroen,C4 Sedán,Citroen,C4 Sedán
11,1247,Citroen,C4 Spacetourer,Citroen,C4 Spacetourer
11,1455,Citroen,None,Citroen,None
11,427,Citroen,C5,Citroen,C5
11,1260,Citroen,C5 Aircross,Citroen,C5 Aircross
11,1314,Citroen,C5 Aircross Hybrid,Citroen,C5 Aircross Hybrid
11,1385,Citroen,None,Citroen,None
11,586,Citroen,C6,Citroen,C6
11,130,Citroen,C8,Citroen,C8
11,625,Citroen,C-Crosser,Citroen,C-Crosser
11,1047,Citroen,C-Elysée,Citroen,C-Elysée
11,856,Citroen,CX,Citroen,CX
11,989,Citroen,C-Zero,Citroen,C-Zero
11,957,Citroen,DS3,Citroen,DS3
11,998,Citroen,DS4,Citroen,DS4
11,1015,Citroen,DS5,Citroen,DS5
11,1454,Citroen,None,Citroen,None
11,1539,Citroen,None,Citroen,None
11,1558,Citroen,None,Citroen,None
11,1331,Citroen,None,Citroen,None
11,1456,Citroen,None,Citroen,None
11,1448,Citroen,None,Citroen,None
11,1191,Citroen,E-Mehari,Citroen,E-Mehari
11,1453,Citroen,None,Citroen,None
11,129,Citroen,Evasión,Citroen,Evasión
11,594,Citroen,Grand C4 Picasso,Citroen,Grand C4 Picasso
11,1248,Citroen,Grand C4 Spacetourer,Citroen,Grand C4 Spacetourer
11,857,Citroen,GSA,Citroen,GSA
11,1582,Citroen,None,Citroen,None
11,663,Citroen,Jumper,Citroen,Jumper
11,670,Citroen,Jumpy,Citroen,Jumpy
11,859,Citroen,LNA,Citroen,LNA
11,878,Citroen,Nemo,Citroen,Nemo
11,250,Citroen,Saxo,Citroen,Saxo
11,1196,Citroen,Spacetourer,Citroen,Spacetourer
11,858,Citroen,Visa,Citroen,Visa
11,11,Citroen,Xantia,Citroen,Xantia
11,125,Citroen,XM,Citroen,XM
11,352,Citroen,Xsara,Citroen,Xsara
11,413,Citroen,Xsara Picasso,Citroen,Xsara Picasso
11,128,Citroen,ZX,Citroen,ZX
1327,375,Corvette,Corvette,Corvette,Corvette
1400,1258,Cupra,Ateca,Cupra,Ateca
1400,1381,Cupra,None,Cupra,None
1400,1329,Cupra,Formentor,Cupra,Formentor
1400,1335,Cupra,León,Cupra,León
1400,1555,Cupra,None,Cupra,None
1400,1580,Cupra,None,Cupra,None
1011,31,Dacia,Contac,Dacia,Contac
1011,1055,Dacia,Dokker,Dacia,Dokker
1011,962,Dacia,Duster,Dacia,Duster
1011,1389,Dacia,None,Dacia,None
1011,1028,Dacia,Lodgy,Dacia,Lodgy
1011,575,Dacia,Logan,Dacia,Logan
1011,903,Dacia,Sandero,Dacia,Sandero
1011,1370,Dacia,None,Dacia,None
12,203,Daewoo,Aranos,Daewoo,Aranos
12,298,Daewoo,Compact,Daewoo,Compact
12,363,Daewoo,Evanda,Daewoo,Evanda
12,500,Daewoo,Kalos,Daewoo,Kalos
12,516,Daewoo,Lacetti,Daewoo,Lacetti
12,295,Daewoo,Lanos,Daewoo,Lanos
12,362,Daewoo,Leganza,Daewoo,Leganza
12,373,Daewoo,Matiz,Daewoo,Matiz
12,202,Daewoo,Nexia,Daewoo,Nexia
12,296,Daewoo,Nubira,Daewoo,Nubira
12,299,Daewoo,Nubira Compact,Daewoo,Nubira Compact
12,443,Daewoo,Tacuma,Daewoo,Tacuma
13,65,Daihatsu,Applause,Daihatsu,Applause
13,66,Daihatsu,Charade,Daihatsu,Charade
13,236,Daihatsu,Feroza,Daihatsu,Feroza
13,235,Daihatsu,Rocky,Daihatsu,Rocky
13,574,Daihatsu,Sirion,Daihatsu,Sirion
13,314,Daihatsu,Terios,Daihatsu,Terios
145,747,Daimler,Double Six,Daimler,Double Six
145,114,Daimler,Serie XJ,Daimler,Serie XJ
145,855,Daimler,Series III,Daimler,Series III
145,748,Daimler,Six,Daimler,Six
145,557,Daimler,XJ,Daimler,XJ
1351,1467,Dfsk,None,Dfsk,None
1351,1268,Dfsk,580,Dfsk,580
1351,1320,Dfsk,Fengon 5,Dfsk,Fengon 5
1351,1319,Dfsk,ix5,Dfsk,ix5
1351,1354,Dfsk,None,Dfsk,None
1351,1102,Dfsk,Serie K,Dfsk,Serie K
1351,1107,Dfsk,Serie K,Dfsk,Serie K
1351,1110,Dfsk,Serie K,Dfsk,Serie K
1351,1111,Dfsk,Serie K,Dfsk,Serie K
1351,1101,Dfsk,Serie V,Dfsk,Serie V
1351,1103,Dfsk,Serie V,Dfsk,Serie V
1351,1104,Dfsk,Serie V,Dfsk,Serie V
173,618,Dodge,Avenger,Dodge,Avenger
173,582,Dodge,Caliber,Dodge,Caliber
173,1519,Dodge,None,Dodge,None
173,1518,Dodge,None,Dodge,None
173,1517,Dodge,None,Dodge,None
173,894,Dodge,Journey,Dodge,Journey
173,616,Dodge,Nitro,Dodge,Nitro
173,541,Dodge,Viper,Dodge,Viper
1431,1576,None,None,None,None
1401,1486,Dr Automobiles,None,Dr Automobiles,None
1401,1403,Dr Automobiles,None,Dr Automobiles,None
1401,1484,Dr Automobiles,None,Dr Automobiles,None
1401,1404,Dr Automobiles,None,Dr Automobiles,None
1401,1411,Dr Automobiles,None,Dr Automobiles,None
1401,1409,Dr Automobiles,None,Dr Automobiles,None
1401,1487,Dr Automobiles,None,Dr Automobiles,None
1401,1488,Dr Automobiles,None,Dr Automobiles,None
1401,1408,Dr Automobiles,None,Dr Automobiles,None
1401,1410,Dr Automobiles,None,Dr Automobiles,None
1401,1270,Dr Automobiles,DR3,Dr Automobiles,DR3
1401,1269,Dr Automobiles,DR4,Dr Automobiles,DR4
1401,1402,Dr Automobiles,None,Dr Automobiles,None
1401,1271,Dr Automobiles,DR6,Dr Automobiles,DR6
1401,1272,Dr Automobiles,None,Dr Automobiles,None
1401,1405,Dr Automobiles,None,Dr Automobiles,None
1401,1485,Dr Automobiles,None,Dr Automobiles,None
1358,1149,Ds,DS 3,Ds,DS 3
1358,1263,Ds,DS 3 Crossback,Ds,DS 3 Crossback
1358,1308,Ds,DS 3 Crossback E-Tense,Ds,DS 3 Crossback E-Tense
1358,1147,Ds,DS 4,Ds,DS 4
1358,1169,Ds,DS 4 Crossback,Ds,DS 4 Crossback
1358,1148,Ds,DS 5,Ds,DS 5
1358,1440,Ds,None,Ds,None
1358,1223,Ds,DS 7 Crossback,Ds,DS 7 Crossback
1358,1290,Ds,DS 7 Crossback E-Tense,Ds,DS 7 Crossback E-Tense
1358,1348,Ds,DS9,Ds,DS9
1358,1152,Ds,DS3,Ds,DS3
1358,1150,Ds,DS4,Ds,DS4
1410,1477,None,None,None,None
1410,1412,None,None,None,None
1410,1414,None,None,None,None
1410,1413,None,None,None,None
1410,1415,None,None,None,None
1410,1526,None,None,None,None
146,854,Ferrari,328,Ferrari,328
146,737,Ferrari,348,Ferrari,348
146,744,Ferrari,355,Ferrari,355
146,190,Ferrari,360,Ferrari,360
146,852,Ferrari,412,Ferrari,412
146,629,Ferrari,430,Ferrari,430
146,196,Ferrari,456,Ferrari,456
146,197,Ferrari,456M,Ferrari,456M
146,953,Ferrari,458,Ferrari,458
146,1161,Ferrari,488,Ferrari,488
146,1151,Ferrari,488 GTB,Ferrari,488 GTB
146,739,Ferrari,512,Ferrari,512
146,193,Ferrari,550 Maranello,Ferrari,550 Maranello
146,194,Ferrari,575M Maranello,Ferrari,575M Maranello
146,195,Ferrari,599,Ferrari,599
146,198,Ferrari,612,Ferrari,612
146,1245,Ferrari,812,Ferrari,812
146,912,Ferrari,California,Ferrari,California
146,511,Ferrari,Enzo,Ferrari,Enzo
146,1099,Ferrari,F12,Ferrari,F12
146,1078,Ferrari,F12 Berlinetta,Ferrari,F12 Berlinetta
146,189,Ferrari,F355,Ferrari,F355
146,851,Ferrari,F40,Ferrari,F40
146,191,Ferrari,F430,Ferrari,F430
146,294,Ferrari,F50,Ferrari,F50
146,192,Ferrari,F512 M,Ferrari,F512 M
146,1027,Ferrari,FF,Ferrari,FF
146,1183,Ferrari,GTC4,Ferrari,GTC4
146,1059,Ferrari,LaFerrari,Ferrari,LaFerrari
146,853,Ferrari,Mondial,Ferrari,Mondial
146,1244,Ferrari,Portofino,Ferrari,Portofino
146,560,Ferrari,Superamerica,Ferrari,Superamerica
146,738,Ferrari,Testarossa,Ferrari,Testarossa
14,1180,Fiat,124 Spider,Fiat,124 Spider
14,598,Fiat,500,Fiat,500
14,963,Fiat,500C,Fiat,500C
14,1038,Fiat,500L,Fiat,500L
14,1138,Fiat,500X,Fiat,500X
14,397,Fiat,600,Fiat,600
14,849,Fiat,Argenta,Fiat,Argenta
14,211,Fiat,Barchetta,Fiat,Barchetta
14,278,Fiat,Brava,Fiat,Brava
14,276,Fiat,Bravo,Fiat,Bravo
14,13,Fiat,Cinquecento,Fiat,Cinquecento
14,172,Fiat,Coupé,Fiat,Coupé
14,1,Fiat,Croma,Fiat,Croma
14,694,Fiat,Doblò,Fiat,Doblò
14,693,Fiat,Doblò Cargo,Fiat,Doblò Cargo
14,1280,Fiat,Doblò Panorama,Fiat,Doblò Panorama
14,664,Fiat,Ducato,Fiat,Ducato
14,1434,Fiat,None,Fiat,None
14,1476,Fiat,None,Fiat,None
14,654,Fiat,Fiorino,Fiat,Fiorino
14,1002,Fiat,Freemont,Fiat,Freemont
14,1190,Fiat,Fullback,Fiat,Fullback
14,76,Fiat,Grande Punto,Fiat,Grande Punto
14,531,Fiat,Idea,Fiat,Idea
14,597,Fiat,Linea,Fiat,Linea
14,210,Fiat,Marea,Fiat,Marea
14,400,Fiat,Multipla,Fiat,Multipla
14,355,Fiat,Palio Weekend,Fiat,Palio Weekend
14,163,Fiat,Panda,Fiat,Panda
14,1017,Fiat,Panda Classic,Fiat,Panda Classic
14,75,Fiat,Punto,Fiat,Punto
14,913,Fiat,Punto Classic,Fiat,Punto Classic
14,958,Fiat,Punto EVO,Fiat,Punto EVO
14,914,Fiat,Qubo,Fiat,Qubo
14,767,Fiat,Regata,Fiat,Regata
14,850,Fiat,Ritmo,Fiat,Ritmo
14,595,Fiat,Sedici,Fiat,Sedici
14,14,Fiat,Seicento,Fiat,Seicento
14,277,Fiat,Stilo,Fiat,Stilo
14,710,Fiat,Strada,Fiat,Strada
14,785,Fiat,Talento,Fiat,Talento
14,209,Fiat,Tempra,Fiat,Tempra
14,164,Fiat,Tipo,Fiat,Tipo
14,184,Fiat,Ulysse,Fiat,Ulysse
14,175,Fiat,Uno,Fiat,Uno
1383,1530,None,None,None,None
15,1033,Ford,B-MAX,Ford,B-MAX
15,1483,Ford,None,Ford,None
15,847,Ford,Capri,Ford,Capri
15,497,Ford,C-Max,Ford,C-Max
15,967,Ford,Connect,Ford,Connect
15,382,Ford,Cougar,Ford,Cougar
15,655,Ford,Courier,Ford,Courier
15,1063,Ford,EcoSport,Ford,EcoSport
15,1174,Ford,Edge,Ford,Edge
15,37,Ford,Escort,Ford,Escort
15,233,Ford,Explorer,Ford,Explorer
15,86,Ford,Fiesta,Ford,Fiesta
15,38,Ford,Focus,Ford,Focus
15,476,Ford,Focus C-MAX,Ford,Focus C-MAX
15,490,Ford,Fusion,Ford,Fusion
15,283,Ford,Galaxy,Ford,Galaxy
15,848,Ford,Granada,Ford,Granada
15,972,Ford,Grand C-Max,Ford,Grand C-Max
15,1136,Ford,Grand Tourneo Connect,Ford,Grand Tourneo Connect
15,1132,Ford,Grand Tourneo Custom,Ford,Grand Tourneo Custom
15,289,Ford,KA,Ford,KA
15,1192,Ford,Ka+,Ford,Ka+
15,882,Ford,Kuga,Ford,Kuga
15,26,Ford,Maverick,Ford,Maverick
15,39,Ford,Mondeo,Ford,Mondeo
15,1130,Ford,Mustang,Ford,Mustang
15,1326,Ford,Mustang Mach-E,Ford,Mustang Mach-E
15,760,Ford,Orion,Ford,Orion
15,776,Ford,Pick Up,Ford,Pick Up
15,176,Ford,Probe,Ford,Probe
15,365,Ford,Puma,Ford,Puma
15,688,Ford,Ranger,Ford,Ranger
15,40,Ford,Scorpio,Ford,Scorpio
15,757,Ford,Sierra,Ford,Sierra
15,590,Ford,S-MAX,Ford,S-MAX
15,495,Ford,StreetKa,Ford,StreetKa
15,1128,Ford,Tourneo Connect,Ford,Tourneo Connect
15,1127,Ford,Tourneo Courier,Ford,Tourneo Courier
15,1044,Ford,Tourneo Custom,Ford,Tourneo Custom
15,645,Ford,Transit,Ford,Transit
15,702,Ford,Transit Connect,Ford,Transit Connect
15,1114,Ford,Transit Courier,Ford,Transit Courier
15,1043,Ford,None,Ford,None
1430,1574,None,None,None,None
1430,1575,None,None,None,None
16,370,Galloper,Exceed,Galloper,Exceed
16,381,Galloper,Santamo,Galloper,Santamo
16,395,Galloper,Super Exceed,Galloper,Super Exceed
69,93,Honda,Accord,Honda,Accord
69,97,Honda,Civic,Honda,Civic
69,846,Honda,Concerto,Honda,Concerto
69,354,Honda,CR-V,Honda,CR-V
69,101,Honda,CRX,Honda,CRX
69,964,Honda,CR-Z,Honda,CR-Z
69,1505,Honda,None,Honda,None
69,544,Honda,FR-V,Honda,FR-V
69,1298,Honda,Honda e,Honda,Honda e
69,401,Honda,HR-V,Honda,HR-V
69,924,Honda,Insight,Honda,Insight
69,456,Honda,Jazz,Honda,Jazz
69,220,Honda,Legend,Honda,Legend
69,402,Honda,Logo,Honda,Logo
69,199,Honda,NSX,Honda,NSX
69,102,Honda,Prelude,Honda,Prelude
69,409,Honda,S2000,Honda,S2000
69,454,Honda,Stream,Honda,Stream
69,1504,Honda,None,Honda,None
1423,1542,None,None,None,None
234,475,Hummer,H2,Hummer,H2
234,564,Hummer,H3,Hummer,H3
234,921,Hummer,H3T,Hummer,H3T
18,132,Hyundai,Accent,Hyundai,Accent
18,356,Hyundai,Atos,Hyundai,Atos
18,412,Hyundai,Atos Prime,Hyundai,Atos Prime
18,1372,Hyundai,None,Hyundai,None
18,216,Hyundai,Coupé,Hyundai,Coupé
18,121,Hyundai,Elantra,Hyundai,Elantra
18,986,Hyundai,Genesis,Hyundai,Genesis
18,491,Hyundai,Getz,Hyundai,Getz
18,1064,Hyundai,Grand Santa Fe,Hyundai,Grand Santa Fe
18,879,Hyundai,Grandeur,Hyundai,Grandeur
18,357,Hyundai,H-1,Hyundai,H-1
18,1144,Hyundai,H-1 Travel,Hyundai,H-1 Travel
18,885,Hyundai,i10,Hyundai,i10
18,928,Hyundai,i20,Hyundai,i20
18,1189,Hyundai,i20 Active,Hyundai,i20 Active
18,622,Hyundai,i30,Hyundai,i30
18,1000,Hyundai,i40,Hyundai,i40
18,901,Hyundai,i800,Hyundai,i800
18,1202,Hyundai,IONIQ,Hyundai,IONIQ
18,1371,Hyundai,None,Hyundai,None
18,1465,Hyundai,None,Hyundai,None
18,980,Hyundai,ix20,Hyundai,ix20
18,961,Hyundai,ix35,Hyundai,ix35
18,922,Hyundai,ix55,Hyundai,ix55
18,1239,Hyundai,Kona,Hyundai,Kona
18,36,Hyundai,Lantra,Hyundai,Lantra
18,431,Hyundai,Matrix,Hyundai,Matrix
18,1249,Hyundai,Nexo,Hyundai,Nexo
18,728,Hyundai,Pony,Hyundai,Pony
18,425,Hyundai,Santa Fe,Hyundai,Santa Fe
18,215,Hyundai,Scoupe,Hyundai,Scoupe
18,51,Hyundai,Sonata,Hyundai,Sonata
18,908,Hyundai,Sonata FL,Hyundai,Sonata FL
18,1427,Hyundai,None,Hyundai,None
18,428,Hyundai,Terracan,Hyundai,Terracan
18,418,Hyundai,Trajet,Hyundai,Trajet
18,529,Hyundai,TUCSON,Hyundai,TUCSON
18,1003,Hyundai,Veloster,Hyundai,Veloster
18,417,Hyundai,XG,Hyundai,XG
1409,1424,None,None,None,None
1025,910,Infiniti,EX,Infiniti,EX
1025,911,Infiniti,FX,Infiniti,FX
1025,909,Infiniti,G,Infiniti,G
1025,973,Infiniti,M,Infiniti,M
1025,1086,Infiniti,Q30,Infiniti,Q30
1025,1068,Infiniti,Q50,Infiniti,Q50
1025,1121,Infiniti,Q60,Infiniti,Q60
1025,1122,Infiniti,Q70,Infiniti,Q70
1025,1195,Infiniti,QX30,Infiniti,QX30
1025,1124,Infiniti,QX50,Infiniti,QX50
1025,1123,Infiniti,QX70,Infiniti,QX70
185,20,Innocenti,Elba,Innocenti,Elba
185,845,Innocenti,Minitre,Innocenti,Minitre
1405,1346,None,None,None,None
1405,1392,None,None,None,None
1405,1393,None,None,None,None
1413,1460,None,None,None,None
1413,1432,None,None,None,None
1413,1462,None,None,None,None
1413,1433,None,None,None,None
1413,1431,None,None,None,None
1413,1429,None,None,None,None
19,706,Isuzu,D MAX,Isuzu,D MAX
19,723,Isuzu,D-Max,Isuzu,D-Max
19,698,Isuzu,Pick Up,Isuzu,Pick Up
19,712,Isuzu,Rodeo,Isuzu,Rodeo
19,393,Isuzu,Trooper,Isuzu,Trooper
126,633,Iveco,Daily,Iveco,Daily
126,887,Iveco,Massif,Iveco,Massif
1434,1589,None,None,None,None
20,1226,Jaguar,E-Pace,Jaguar,E-Pace
20,1166,Jaguar,F-Pace,Jaguar,F-Pace
20,1058,Jaguar,F-Type,Jaguar,F-Type
20,1246,Jaguar,i-Pace,Jaguar,i-Pace
20,91,Jaguar,Serie XJ,Jaguar,Serie XJ
20,92,Jaguar,Serie XK,Jaguar,Serie XK
20,406,Jaguar,S-Type,Jaguar,S-Type
20,1139,Jaguar,XE,Jaguar,XE
20,407,Jaguar,XF,Jaguar,XF
20,113,Jaguar,XJ,Jaguar,XJ
20,426,Jaguar,X-Type,Jaguar,X-Type
21,1452,Jeep,None,Jeep,None
21,148,Jeep,Cherokee,Jeep,Cherokee
21,580,Jeep,Commander,Jeep,Commander
21,603,Jeep,Compass,Jeep,Compass
21,1364,Jeep,None,Jeep,None
21,218,Jeep,Grand Cherokee,Jeep,Grand Cherokee
21,617,Jeep,Patriot,Jeep,Patriot
21,1131,Jeep,Renegade,Jeep,Renegade
21,138,Jeep,Wrangler,Jeep,Wrangler
21,614,Jeep,Wrangler Unlimited,Jeep,Wrangler Unlimited
1427,1566,None,None,None,None
1427,1569,None,None,None,None
1427,1564,None,None,None,None
1427,1565,None,None,None,None
1427,1567,None,None,None,None
1427,1568,None,None,None,None
22,439,Kia,Carens,Kia,Carens
22,386,Kia,Carnival,Kia,Carnival
22,607,Kia,cee'd,Kia,cee'd
22,1041,Kia,cee'd Sportswagon,Kia,cee'd Sportswagon
22,626,Kia,cee'd Sporty Wagon,Kia,cee'd Sporty Wagon
22,1276,Kia,Ceed Tourer,Kia,Ceed Tourer
22,445,Kia,Cerato,Kia,Cerato
22,348,Kia,Clarus,Kia,Clarus
22,1266,Kia,e-Niro,Kia,e-Niro
22,1287,Kia,e-Soul,Kia,e-Soul
22,1591,Kia,None,Kia,None
22,1369,Kia,None,Kia,None
22,1502,Kia,None,Kia,None
22,389,Kia,Joice,Kia,Joice
22,703,Kia,k2500,Kia,k2500
22,701,Kia,K2500 Frontier,Kia,K2500 Frontier
22,429,Kia,Magentis,Kia,Magentis
22,1197,Kia,Niro,Kia,Niro
22,1235,Kia,Niro Hïbrido Enchufable,Kia,Niro Hïbrido Enchufable
22,1273,Kia,Niro PHEV,Kia,Niro PHEV
22,530,Kia,Opirus,Kia,Opirus
22,1019,Kia,Optima,Kia,Optima
22,1210,Kia,Optima GT,Kia,Optima GT
22,1234,Kia,Optima Hïbrido Enchufable,Kia,Optima Hïbrido Enchufable
22,1209,Kia,Optima PHEV,Kia,Optima PHEV
22,1208,Kia,Optima SW,Kia,Optima SW
22,1207,Kia,Optima SW GT,Kia,Optima SW GT
22,1236,Kia,Optima SW Hïbrido Enchufable,Kia,Optima SW Hïbrido Enchufable
22,1274,Kia,Optima SW PHEV,Kia,Optima SW PHEV
22,535,Kia,Picanto,Kia,Picanto
22,347,Kia,Pride,Kia,Pride
22,631,Kia,Pro Cee'd,Kia,Pro Cee'd
22,1205,Kia,pro_cee'd GT,Kia,pro_cee'd GT
22,1317,Kia,ProCeed,Kia,ProCeed
22,442,Kia,Rio,Kia,Rio
22,140,Kia,Sephia,Kia,Sephia
22,141,Kia,Sephia II,Kia,Sephia II
22,372,Kia,Shuma,Kia,Shuma
22,489,Kia,Sorento,Kia,Sorento
22,919,Kia,Soul,Kia,Soul
22,1206,Kia,Soul EV,Kia,Soul EV
22,139,Kia,Sportage,Kia,Sportage
22,1237,Kia,Stinger,Kia,Stinger
22,1229,Kia,Stonic,Kia,Stonic
22,955,Kia,Venga,Kia,Venga
22,1294,Kia,XCeed,Kia,XCeed
1349,1076,None,XBow,None,XBow
153,507,Lada,214,Lada,214
153,1088,Lada,4X4,Lada,4X4
153,627,Lada,Kalina,Lada,Kalina
153,165,Lada,Niva,Lada,Niva
153,983,Lada,Priora,Lada,Priora
153,234,Lada,Sagona,Lada,Sagona
153,161,Lada,Samara,Lada,Samara
153,844,Lada,Serie 2100,Lada,Serie 2100
153,378,Lada,Stawra 2110,Lada,Stawra 2110
243,1382,Lamborghini,None,Lamborghini,None
243,995,Lamborghini,Aventador,Lamborghini,Aventador
243,526,Lamborghini,Gallardo,Lamborghini,Gallardo
243,1116,Lamborghini,Huracán,Lamborghini,Huracán
243,527,Lamborghini,Murcielago,Lamborghini,Murcielago
243,1062,Lamborghini,Veneno,Lamborghini,Veneno
23,843,Lancia,A112,Lancia,A112
23,84,Lancia,Dedra,Lancia,Dedra
23,19,Lancia,Delta,Lancia,Delta
23,61,Lancia,K,Lancia,K
23,758,Lancia,Kappa,Lancia,Kappa
23,183,Lancia,Lybra,Lancia,Lybra
23,536,Lancia,Musa,Lancia,Musa
23,343,Lancia,Phedra,Lancia,Phedra
23,842,Lancia,Prisma,Lancia,Prisma
23,743,Lancia,Thema,Lancia,Thema
23,342,Lancia,Thesis,Lancia,Thesis
23,841,Lancia,Trevi,Lancia,Trevi
23,1013,Lancia,Voyager,Lancia,Voyager
23,339,Lancia,Y,Lancia,Y
23,78,Lancia,Y10,Lancia,Y10
23,340,Lancia,Ypsilon,Lancia,Ypsilon
23,992,Lancia,Ypsilon Elefantino,Lancia,Ypsilon Elefantino
23,204,Lancia,Z,Lancia,Z
23,749,Lancia,Zeta,Lancia,Zeta
24,231,Land-Rover,Defender,Land-Rover,Defender
24,232,Land-Rover,Discovery,Land-Rover,Discovery
24,939,Land-Rover,Discovery 4,Land-Rover,Discovery 4
24,1134,Land-Rover,Discovery Sport,Land-Rover,Discovery Sport
24,313,Land-Rover,Freelander,Land-Rover,Freelander
24,115,Land-Rover,Range Rover,Land-Rover,Range Rover
24,994,Land-Rover,Range Rover Evoque,Land-Rover,Range Rover Evoque
24,546,Land-Rover,Range Rover Sport,Land-Rover,Range Rover Sport
24,1218,Land-Rover,Range Rover Velar,Land-Rover,Range Rover Velar
128,713,Ldv,Maxus,Ldv,Maxus
1432,1586,None,None,None,None
1432,1587,None,None,None,None
25,985,Lexus,CT,Lexus,CT
25,1251,Lexus,ES,Lexus,ES
25,746,Lexus,GS,Lexus,GS
25,126,Lexus,GS300,Lexus,GS300
25,334,Lexus,GS430,Lexus,GS430
25,583,Lexus,GS450h,Lexus,GS450h
25,335,Lexus,GS460,Lexus,GS460
25,883,Lexus,IS,Lexus,IS
25,323,Lexus,IS200,Lexus,IS200
25,565,Lexus,IS220d,Lexus,IS220d
25,480,Lexus,IS250,Lexus,IS250
25,479,Lexus,IS300,Lexus,IS300
25,1512,Lexus,None,Lexus,None
25,1203,Lexus,LC,Lexus,LC
25,1494,Lexus,None,Lexus,None
25,741,Lexus,LS,Lexus,LS
25,32,Lexus,LS400,Lexus,LS400
25,33,Lexus,LS430,Lexus,LS430
25,602,Lexus,LS460,Lexus,LS460
25,620,Lexus,LS600h,Lexus,LS600h
25,1125,Lexus,NX,Lexus,NX
25,1126,Lexus,RC,Lexus,RC
25,930,Lexus,RX,Lexus,RX
25,333,Lexus,RX300,Lexus,RX300
25,581,Lexus,RX350,Lexus,RX350
25,562,Lexus,RX400h,Lexus,RX400h
25,1436,Lexus,None,Lexus,None
25,929,Lexus,SC,Lexus,SC
25,430,Lexus,SC430,Lexus,SC430
25,1256,Lexus,UX,Lexus,UX
163,1583,None,None,None,None
163,1584,None,None,None,None
163,1585,None,None,None,None
147,423,Lotus,Elise,Lotus,Elise
147,1438,Lotus,None,Lotus,None
147,424,Lotus,Exige,Lotus,Exige
1404,1336,None,None,None,None
246,714,Mahindra,Bolero Pick-Up,Mahindra,Bolero Pick-Up
246,787,Mahindra,CJ,Mahindra,CJ
246,1179,Mahindra,Genio,Mahindra,Genio
246,716,Mahindra,Goa,Mahindra,Goa
246,715,Mahindra,Goa Pick-Up,Mahindra,Goa Pick-Up
246,1305,Mahindra,Goa Pik Up Plus,Mahindra,Goa Pik Up Plus
246,1254,Mahindra,KUV100,Mahindra,KUV100
246,1350,Mahindra,KUV100 NXT,Mahindra,KUV100 NXT
246,1006,Mahindra,Pikup,Mahindra,Pikup
246,1178,Mahindra,Quanto,Mahindra,Quanto
246,1007,Mahindra,Thar,Mahindra,Thar
246,1146,Mahindra,XUV500,Mahindra,XUV500
26,840,Maserati,224,Maserati,224
26,839,Maserati,228,Maserati,228
26,403,Maserati,3200 GT,Maserati,3200 GT
26,766,Maserati,430,Maserati,430
26,838,Maserati,Biturbo,Maserati,Biturbo
26,404,Maserati,Coupé,Maserati,Coupé
26,336,Maserati,Ghibli,Maserati,Ghibli
26,948,Maserati,GranCabrio,Maserati,GranCabrio
26,552,Maserati,Gransport,Maserati,Gransport
26,623,Maserati,GranTurismo,Maserati,GranTurismo
26,1416,Maserati,None,Maserati,None
26,1181,Maserati,Levante,Maserati,Levante
26,1332,Maserati,None,Maserati,None
26,338,Maserati,Quattroporte,Maserati,Quattroporte
26,337,Maserati,Shamal,Maserati,Shamal
26,483,Maserati,Spyder,Maserati,Spyder
1403,1401,None,None,None,None
1403,1493,None,None,None,None
1403,1466,None,None,None,None
1323,471,Maybach,Maybach,Maybach,Maybach
27,80,Mazda,121,Mazda,121
27,162,Mazda,323,Mazda,323
27,79,Mazda,626,Mazda,626
27,837,Mazda,929,Mazda,929
27,704,Mazda,B-2500,Mazda,B-2500
27,717,Mazda,BT-50,Mazda,BT-50
27,1140,Mazda,CX-3,Mazda,CX-3
27,1285,Mazda,CX-30,Mazda,CX-30
27,1016,Mazda,CX-5,Mazda,CX-5
27,1407,Mazda,None,Mazda,None
27,613,Mazda,CX-7,Mazda,CX-7
27,1550,Mazda,None,Mazda,None
27,1137,Mazda,CX-9,Mazda,CX-9
27,377,Mazda,Demio,Mazda,Demio
27,505,Mazda,Mazda2,Mazda,Mazda2
27,287,Mazda,Mazda3,Mazda,Mazda3
27,561,Mazda,Mazda5,Mazda,Mazda5
27,453,Mazda,Mazda6,Mazda,Mazda6
27,288,Mazda,MPV,Mazda,MPV
27,223,Mazda,MX-3,Mazda,MX-3
27,1321,Mazda,MX-30,Mazda,MX-30
27,237,Mazda,MX-5,Mazda,MX-5
27,836,Mazda,MX6,Mazda,MX6
27,437,Mazda,Premacy,Mazda,Premacy
27,227,Mazda,RX-7,Mazda,RX-7
27,508,Mazda,RX-8,Mazda,RX-8
27,687,Mazda,Serie B,Mazda,Serie B
27,452,Mazda,Tribute,Mazda,Tribute
27,74,Mazda,Xedos 6,Mazda,Xedos 6
27,85,Mazda,Xedos 9,Mazda,Xedos 9
1347,1081,None,12C,None,12C
1347,1082,None,12C Spyder,None,12C Spyder
1347,1083,None,P1,None,P1
28,637,Mercedes-Benz,100D,Mercedes-Benz,100D
28,638,Mercedes-Benz,140D,Mercedes-Benz,140D
28,639,Mercedes-Benz,180D,Mercedes-Benz,180D
28,765,Mercedes-Benz,190,Mercedes-Benz,190
28,762,Mercedes-Benz,200,Mercedes-Benz,200
28,750,Mercedes-Benz,220,Mercedes-Benz,220
28,835,Mercedes-Benz,230,Mercedes-Benz,230
28,834,Mercedes-Benz,260,Mercedes-Benz,260
28,731,Mercedes-Benz,280,Mercedes-Benz,280
28,831,Mercedes-Benz,300,Mercedes-Benz,300
28,781,Mercedes-Benz,400,Mercedes-Benz,400
28,833,Mercedes-Benz,420,Mercedes-Benz,420
28,832,Mercedes-Benz,500,Mercedes-Benz,500
28,780,Mercedes-Benz,600,Mercedes-Benz,600
28,1143,Mercedes-Benz,AMG GT,Mercedes-Benz,AMG GT
28,1042,Mercedes-Benz,Citan,Mercedes-Benz,Citan
28,1299,Mercedes-Benz,CLA,Mercedes-Benz,CLA
28,275,Mercedes-Benz,Clase A,Mercedes-Benz,Clase A
28,566,Mercedes-Benz,Clase B,Mercedes-Benz,Clase B
28,8,Mercedes-Benz,Clase C,Mercedes-Benz,Clase C
28,57,Mercedes-Benz,Clase CL,Mercedes-Benz,Clase CL
28,1057,Mercedes-Benz,Clase CLA,Mercedes-Benz,Clase CLA
28,891,Mercedes-Benz,Clase CLC,Mercedes-Benz,Clase CLC
28,269,Mercedes-Benz,Clase CLK,Mercedes-Benz,Clase CLK
28,542,Mercedes-Benz,Clase CLS,Mercedes-Benz,Clase CLS
28,41,Mercedes-Benz,Clase E,Mercedes-Benz,Clase E
28,167,Mercedes-Benz,Clase G,Mercedes-Benz,Clase G
28,550,Mercedes-Benz,Clase GL,Mercedes-Benz,Clase GL
28,1100,Mercedes-Benz,Clase GLA,Mercedes-Benz,Clase GLA
28,1162,Mercedes-Benz,Clase GLC,Mercedes-Benz,Clase GLC
28,1154,Mercedes-Benz,Clase GLE,Mercedes-Benz,Clase GLE
28,1155,Mercedes-Benz,Clase GLE Coupé,Mercedes-Benz,Clase GLE Coupé
28,905,Mercedes-Benz,Clase GLK,Mercedes-Benz,Clase GLK
28,1173,Mercedes-Benz,Clase GLS,Mercedes-Benz,Clase GLS
28,309,Mercedes-Benz,Clase M,Mercedes-Benz,Clase M
28,548,Mercedes-Benz,Clase R,Mercedes-Benz,Clase R
28,56,Mercedes-Benz,Clase S,Mercedes-Benz,Clase S
28,55,Mercedes-Benz,Clase SL,Mercedes-Benz,Clase SL
28,830,Mercedes-Benz,Clase SL R129,Mercedes-Benz,Clase SL R129
28,1176,Mercedes-Benz,Clase SLC,Mercedes-Benz,Clase SLC
28,258,Mercedes-Benz,Clase SLK,Mercedes-Benz,Clase SLK
28,1426,Mercedes-Benz,None,Mercedes-Benz,None
28,259,Mercedes-Benz,Clase V,Mercedes-Benz,Clase V
28,1238,Mercedes-Benz,Clase X,Mercedes-Benz,Clase X
28,1521,Mercedes-Benz,None,Mercedes-Benz,None
28,1243,Mercedes-Benz,CLS,Mercedes-Benz,CLS
28,1355,Mercedes-Benz,None,Mercedes-Benz,None
28,1390,Mercedes-Benz,None,Mercedes-Benz,None
28,1284,Mercedes-Benz,EQC,Mercedes-Benz,EQC
28,1423,Mercedes-Benz,None,Mercedes-Benz,None
28,1468,Mercedes-Benz,None,Mercedes-Benz,None
28,1383,Mercedes-Benz,None,Mercedes-Benz,None
28,1469,Mercedes-Benz,None,Mercedes-Benz,None
28,1495,Mercedes-Benz,None,Mercedes-Benz,None
28,1322,Mercedes-Benz,EQV,Mercedes-Benz,EQV
28,1098,Mercedes-Benz,GLA,Mercedes-Benz,GLA
28,1306,Mercedes-Benz,GLB,Mercedes-Benz,GLB
28,1439,Mercedes-Benz,None,Mercedes-Benz,None
28,1194,Mercedes-Benz,GLC Coupé,Mercedes-Benz,GLC Coupé
28,1261,Mercedes-Benz,GLE,Mercedes-Benz,GLE
28,1318,Mercedes-Benz,GLE Coupé,Mercedes-Benz,GLE Coupé
28,1286,Mercedes-Benz,GLS,Mercedes-Benz,GLS
28,1215,Mercedes-Benz,Mercedes-AMG GT,Mercedes-Benz,Mercedes-AMG GT
28,1578,Mercedes-Benz,None,Mercedes-Benz,None
28,1577,Mercedes-Benz,None,Mercedes-Benz,None
28,1421,Mercedes-Benz,None,Mercedes-Benz,None
28,473,Mercedes-Benz,SL-Klasse,Mercedes-Benz,SL-Klasse
28,474,Mercedes-Benz,SLR McLaren,Mercedes-Benz,SLR McLaren
28,951,Mercedes-Benz,SLS AMG,Mercedes-Benz,SLS AMG
28,666,Mercedes-Benz,Sprinter,Mercedes-Benz,Sprinter
28,727,Mercedes-Benz,Transporter,Mercedes-Benz,Transporter
28,466,Mercedes-Benz,Vaneo,Mercedes-Benz,Vaneo
28,260,Mercedes-Benz,Viano,Mercedes-Benz,Viano
28,668,Mercedes-Benz,Vito,Mercedes-Benz,Vito
29,1365,Mg,None,Mg,None
29,1362,Mg,None,Mg,None
29,1386,Mg,None,Mg,None
29,1551,Mg,None,Mg,None
29,1443,Mg,None,Mg,None
29,1406,Mg,None,Mg,None
29,253,Mg,MGF,Mg,MGF
29,254,Mg,TF,Mg,TF
29,433,Mg,ZR,Mg,ZR
29,434,Mg,ZS,Mg,ZS
29,1366,Mg,None,Mg,None
29,1596,Mg,None,Mg,None
29,435,Mg,ZT,Mg,ZT
29,482,Mg,ZT-T,Mg,ZT-T
1428,1570,None,None,None,None
1433,1588,None,None,None,None
222,1556,Mini,None,Mini,None
222,1167,Mini,CLUBMAN,Mini,CLUBMAN
222,1527,Mini,None,Mini,None
222,971,Mini,Countryman,Mini,Countryman
222,449,Mini,MINI,Mini,MINI
222,1052,Mini,Paceman,Mini,Paceman
30,829,Mitsubishi,300 GT,Mitsubishi,300 GT
30,224,Mitsubishi,3000 GT,Mitsubishi,3000 GT
30,965,Mitsubishi,ASX,Mitsubishi,ASX
30,673,Mitsubishi,Canter,Mitsubishi,Canter
30,280,Mitsubishi,Carisma,Mitsubishi,Carisma
30,173,Mitsubishi,Colt,Mitsubishi,Colt
30,281,Mitsubishi,Eclipse,Mitsubishi,Eclipse
30,1242,Mitsubishi,Eclipse Cross,Mitsubishi,Eclipse Cross
30,111,Mitsubishi,Galant,Mitsubishi,Galant
30,563,Mitsubishi,Grandis,Mitsubishi,Grandis
30,997,Mitsubishi,i-MiEV,Mitsubishi,i-MiEV
30,658,Mitsubishi,L200,Mitsubishi,L200
30,518,Mitsubishi,Lancer,Mitsubishi,Lancer
30,72,Mitsubishi,Montero,Mitsubishi,Montero
30,388,Mitsubishi,Montero iO,Mitsubishi,Montero iO
30,383,Mitsubishi,Montero Sport,Mitsubishi,Montero Sport
30,509,Mitsubishi,Outlander,Mitsubishi,Outlander
30,206,Mitsubishi,Space Gear,Mitsubishi,Space Gear
30,201,Mitsubishi,Space Runner,Mitsubishi,Space Runner
30,376,Mitsubishi,Space Star,Mitsubishi,Space Star
30,174,Mitsubishi,Space Wagon,Mitsubishi,Space Wagon
149,605,Morgan,+4,Morgan,+4
149,421,Morgan,4/4,Morgan,4/4
149,498,Morgan,Aero 8,Morgan,Aero 8
149,730,Morgan,Plus 4,Morgan,Plus 4
149,422,Morgan,Plus 8,Morgan,Plus 8
149,534,Morgan,Roadster,Morgan,Roadster
149,533,Morgan,V6,Morgan,V6
1419,1501,None,None,None,None
1417,1474,None,None,None,None
31,228,Nissan,100 NX,Nissan,100 NX
31,157,Nissan,200 SX,Nissan,200 SX
31,169,Nissan,300 ZX,Nissan,300 ZX
31,521,Nissan,350Z,Nissan,350Z
31,942,Nissan,370Z,Nissan,370Z
31,303,Nissan,Almera,Nissan,Almera
31,415,Nissan,Almera Tino,Nissan,Almera Tino
31,1425,Nissan,None,Nissan,None
31,828,Nissan,Bluebird,Nissan,Bluebird
31,692,Nissan,Cabstar,Nissan,Cabstar
31,691,Nissan,Cabstar E,Nissan,Cabstar E
31,779,Nissan,CAMION,Nissan,CAMION
31,959,Nissan,CUBE,Nissan,CUBE
31,1188,Nissan,e-NV200 EVALIA,Nissan,e-NV200 EVALIA
31,1018,Nissan,EVALIA,Nissan,EVALIA
31,941,Nissan,GT-R,Nissan,GT-R
31,696,Nissan,None,Nissan,None
31,976,Nissan,JUKE,Nissan,JUKE
31,1008,Nissan,LEAF,Nissan,LEAF
31,751,Nissan,Maxima,Nissan,Maxima
31,110,Nissan,Maxima QX,Nissan,Maxima QX
31,34,Nissan,Micra,Nissan,Micra
31,567,Nissan,Murano,Nissan,Murano
31,685,Nissan,Navara,Nissan,Navara
31,588,Nissan,NOTE,Nissan,NOTE
31,1175,Nissan,NP300 Navara,Nissan,NP300 Navara
31,906,Nissan,NP300 Pick Up,Nissan,NP300 Pick Up
31,949,Nissan,NV200,Nissan,NV200
31,1187,Nissan,NV200 EVALIA,Nissan,NV200 EVALIA
31,1213,Nissan,None,Nissan,None
31,396,Nissan,Pathfinder,Nissan,Pathfinder
31,107,Nissan,Patrol,Nissan,Patrol
31,219,Nissan,Patrol GR,Nissan,Patrol GR
31,684,Nissan,Pick-up,Nissan,Pick-up
31,938,Nissan,Pixo,Nissan,Pixo
31,827,Nissan,Prairie,Nissan,Prairie
31,699,Nissan,None,Nissan,None
31,99,Nissan,Primera,Nissan,Primera
31,1129,Nissan,PULSAR,Nissan,PULSAR
31,606,Nissan,QASHQAI,Nissan,QASHQAI
31,915,Nissan,QASHQAI+2,Nissan,QASHQAI+2
31,106,Nissan,Serena,Nissan,Serena
31,35,Nissan,Sunny,Nissan,Sunny
31,25,Nissan,Terrano,Nissan,Terrano
31,24,Nissan,Terrano II,Nissan,Terrano II
31,632,Nissan,Tiida,Nissan,Tiida
31,1391,Nissan,None,Nissan,None
31,644,Nissan,Trade,Nissan,Trade
31,643,Nissan,Vanette,Nissan,Vanette
31,665,Nissan,Vanette Cargo,Nissan,Vanette Cargo
31,455,Nissan,X-TRAIL,Nissan,X-TRAIL
1420,1507,None,None,None,None
1420,1572,None,None,None,None
1420,1543,None,None,None,None
32,1051,Opel,Adam,Opel,Adam
32,392,Opel,Agila,Opel,Agila
32,1026,Opel,Ampera,Opel,Ampera
32,596,Opel,Antara,Opel,Antara
32,826,Opel,Ascona,Opel,Ascona
32,67,Opel,Astra,Opel,Astra
32,1514,Opel,None,Opel,None
32,1399,Opel,None,Opel,None
32,1075,Opel,Cabrio,Opel,Cabrio
32,69,Opel,Calibra,Opel,Calibra
32,659,Opel,Combo,Opel,Combo
32,1537,Opel,None,Opel,None
32,1253,Opel,Combo Life,Opel,Combo Life
32,1377,Opel,None,Opel,None
32,77,Opel,Corsa,Opel,Corsa
32,1503,Opel,None,Opel,None
32,1289,Opel,Corsa-e,Opel,Corsa-e
32,1337,Opel,None,Opel,None
32,1219,Opel,Crossland X,Opel,Crossland X
32,170,Opel,Frontera,Opel,Frontera
32,1563,Opel,None,Opel,None
32,1379,Opel,None,Opel,None
32,1398,Opel,None,Opel,None
32,1228,Opel,Grandland X,Opel,Grandland X
32,1292,Opel,Grandland X PHEV,Opel,Grandland X PHEV
32,615,Opel,GT,Opel,GT
32,1163,Opel,GTC,Opel,GTC
32,918,Opel,Insignia,Opel,Insignia
32,775,Opel,Kadett,Opel,Kadett
32,1160,Opel,Karl,Opel,Karl
32,825,Opel,Manta,Opel,Manta
32,506,Opel,Meriva,Opel,Meriva
32,1036,Opel,Mokka,Opel,Mokka
32,1198,Opel,Mokka X,Opel,Mokka X
32,1333,Opel,None,Opel,None
32,222,Opel,Monterey,Opel,Monterey
32,822,Opel,Monza,Opel,Monza
32,686,Opel,Movano,Opel,Movano
32,151,Opel,Omega,Opel,Omega
32,824,Opel,Rekord,Opel,Rekord
32,823,Opel,Senator,Opel,Senator
32,499,Opel,Signum,Opel,Signum
32,292,Opel,Sintra,Opel,Sintra
32,448,Opel,Speedster,Opel,Speedster
32,188,Opel,Tigra,Opel,Tigra
32,68,Opel,Vectra,Opel,Vectra
32,695,Opel,Vivaro,Opel,Vivaro
32,385,Opel,Zafira,Opel,Zafira
32,1531,Opel,None,Opel,None
32,1281,Opel,Zafira Life,Opel,Zafira Life
32,1012,Opel,Zafira Tourer,Opel,Zafira Tourer
32,1339,Opel,None,Opel,None
33,554,Peugeot,1007,Peugeot,1007
33,81,Peugeot,106,Peugeot,106
33,558,Peugeot,107,Peugeot,107
33,1135,Peugeot,108,Peugeot,108
33,1077,Peugeot,2008,Peugeot,2008
33,82,Peugeot,205,Peugeot,205
33,380,Peugeot,206,Peugeot,206
33,1094,Peugeot,206 +,Peugeot,206 +
33,487,Peugeot,206 SW,Peugeot,206 SW
33,587,Peugeot,207,Peugeot,207
33,1095,Peugeot,207 +,Peugeot,207 +
33,1021,Peugeot,208,Peugeot,208
33,934,Peugeot,3008,Peugeot,3008
33,1316,Peugeot,3008 Hybrid,Peugeot,3008 Hybrid
33,1554,Peugeot,None,Peugeot,None
33,42,Peugeot,306,Peugeot,306
33,293,Peugeot,307,Peugeot,307
33,484,Peugeot,307 SW,Peugeot,307 SW
33,447,Peugeot,308,Peugeot,308
33,821,Peugeot,309,Peugeot,309
33,621,Peugeot,4007,Peugeot,4007
33,1039,Peugeot,4008,Peugeot,4008
33,155,Peugeot,405,Peugeot,405
33,156,Peugeot,406,Peugeot,406
33,279,Peugeot,407,Peugeot,407
33,488,Peugeot,407 SW,Peugeot,407 SW
33,1441,Peugeot,None,Peugeot,None
33,950,Peugeot,5008,Peugeot,5008
33,1490,Peugeot,None,Peugeot,None
33,1560,Peugeot,None,Peugeot,None
33,820,Peugeot,505,Peugeot,505
33,982,Peugeot,508,Peugeot,508
33,1315,Peugeot,508 Hybrid,Peugeot,508 Hybrid
33,819,Peugeot,604,Peugeot,604
33,43,Peugeot,605,Peugeot,605
33,420,Peugeot,607,Peugeot,607
33,185,Peugeot,806,Peugeot,806
33,200,Peugeot,807,Peugeot,807
33,881,Peugeot,Bipper,Peugeot,Bipper
33,662,Peugeot,Boxer,Peugeot,Boxer
33,1303,Peugeot,e-2008,Peugeot,e-2008
33,1291,Peugeot,e-208,Peugeot,e-208
33,1523,Peugeot,None,Peugeot,None
33,1489,Peugeot,None,Peugeot,None
33,1559,Peugeot,None,Peugeot,None
33,1450,Peugeot,None,Peugeot,None
33,1347,Peugeot,None,Peugeot,None
33,990,Peugeot,ion,Peugeot,ion
33,778,Peugeot,J5,Peugeot,J5
33,681,Peugeot,Partner,Peugeot,Partner
33,893,Peugeot,Partner Origin,Peugeot,Partner Origin
33,968,Peugeot,RCZ,Peugeot,RCZ
33,1252,Peugeot,Rifter,Peugeot,Rifter
33,1201,Peugeot,Traveller,Peugeot,Traveller
87,660,Piaggio,Porter,Piaggio,Porter
87,721,Piaggio,Quargo,Piaggio,Quargo
1402,1420,None,None,None,None
1402,1437,None,None,None,None
1402,1516,None,None,None,None
112,241,Pontiac,Firebird,Pontiac,Firebird
112,242,Pontiac,TRANS AM,Pontiac,TRANS AM
112,226,Pontiac,Trans Sport,Pontiac,Trans Sport
34,1177,Porsche,718,Porsche,718
34,73,Porsche,911,Porsche,911
34,996,Porsche,918,Porsche,918
34,818,Porsche,924,Porsche,924
34,753,Porsche,928,Porsche,928
34,817,Porsche,944,Porsche,944
34,754,Porsche,968,Porsche,968
34,290,Porsche,Boxster,Porsche,Boxster
34,510,Porsche,Carrera GT,Porsche,Carrera GT
34,503,Porsche,Cayenne,Porsche,Cayenne
34,1277,Porsche,Cayenne Coupé,Porsche,Cayenne Coupé
34,573,Porsche,Cayman,Porsche,Cayman
34,1097,Porsche,Macan,Porsche,Macan
34,936,Porsche,Panamera,Porsche,Panamera
34,1297,Porsche,Taycan,Porsche,Taycan
1348,1072,None,3,None,3
1348,1073,None,3 Estate,None,3 Estate
1372,1520,None,None,None,None
35,729,Renault,19,Renault,19
35,1552,Renault,None,Renault,None
35,1579,Renault,None,Renault,None
35,811,Renault,Alpine,Renault,Alpine
35,1363,Renault,None,Renault,None
35,1442,Renault,None,Renault,None
35,464,Renault,Avantime,Renault,Avantime
35,1069,Renault,Captur,Renault,Captur
35,90,Renault,Clio,Renault,Clio
35,478,Renault,Clio Campus,Renault,Clio Campus
35,1074,Renault,Clio III,Renault,Clio III
35,153,Renault,Espace,Renault,Espace
35,634,Renault,Express,Renault,Express
35,956,Renault,Fluence,Renault,Fluence
35,812,Renault,Fuego,Renault,Fuego
35,306,Renault,Grand Espace,Renault,Grand Espace
35,1025,Renault,Grand Kangoo Combi,Renault,Grand Kangoo Combi
35,875,Renault,Grand Modus,Renault,Grand Modus
35,477,Renault,Grand Scénic,Renault,Grand Scénic
35,1153,Renault,Kadjar,Renault,Kadjar
35,674,Renault,Kangoo,Renault,Kangoo
35,876,Renault,Kangoo Combi,Renault,Kangoo Combi
35,1533,Renault,None,Renault,None
35,898,Renault,Koleos,Renault,Koleos
35,54,Renault,Laguna,Renault,Laguna
35,987,Renault,Latitude,Renault,Latitude
35,677,Renault,Mascott,Renault,Mascott
35,649,Renault,Master,Renault,Master
35,700,Renault,Master Propulsión,Renault,Master Propulsión
35,720,Renault,Maxity,Renault,Maxity
35,17,Renault,Mégane,Renault,Mégane
35,1395,Renault,None,Renault,None
35,543,Renault,Modus,Renault,Modus
35,149,Renault,Nevada,Renault,Nevada
35,814,Renault,R11,Renault,R11
35,813,Renault,R18,Renault,R18
35,764,Renault,R21,Renault,R21
35,759,Renault,R25,Renault,R25
35,773,Renault,R4,Renault,R4
35,763,Renault,R5,Renault,R5
35,816,Renault,R6,Renault,R6
35,815,Renault,R9,Renault,R9
35,1540,Renault,None,Renault,None
35,18,Renault,Safrane,Renault,Safrane
35,270,Renault,Scénic,Renault,Scénic
35,1529,Renault,None,Renault,None
35,261,Renault,Spider,Renault,Spider
35,1557,Renault,None,Renault,None
35,1165,Renault,Talisman,Renault,Talisman
35,648,Renault,Trafic,Renault,Trafic
35,122,Renault,Twingo,Renault,Twingo
35,1532,Renault,None,Renault,None
35,1080,Renault,Twizy,Renault,Twizy
35,469,Renault,Vel Satis,Renault,Vel Satis
35,975,Renault,Wind,Renault,Wind
35,1071,Renault,Zoe,Renault,Zoe
36,329,Rolls-Royce,Corniche,Rolls-Royce,Corniche
36,264,Rolls-Royce,Park Ward,Rolls-Royce,Park Ward
36,493,Rolls-Royce,Phantom,Rolls-Royce,Phantom
36,311,Rolls-Royce,Silver Seraph,Rolls-Royce,Silver Seraph
36,263,Rolls-Royce,Silver Spur,Rolls-Royce,Silver Spur
36,733,Rolls-Royce,Silvier,Rolls-Royce,Silvier
36,262,Rolls-Royce,Siver Dawn,Rolls-Royce,Siver Dawn
36,732,Rolls-Royce,Touring,Rolls-Royce,Touring
36,1067,Rolls-Royce,Wraith,Rolls-Royce,Wraith
37,52,Rover,100,Rover,100
37,116,Rover,200,Rover,200
37,255,Rover,25,Rover,25
37,213,Rover,400,Rover,400
37,214,Rover,45,Rover,45
37,50,Rover,600,Rover,600
37,324,Rover,75,Rover,75
37,15,Rover,800,Rover,800
37,221,Rover,Cabriolet,Rover,Cabriolet
37,117,Rover,Coupe,Rover,Coupe
37,271,Rover,Mini,Rover,Mini
37,810,Rover,SD,Rover,SD
37,513,Rover,Streetwise,Rover,Streetwise
38,3,Saab,900,Saab,900
38,5,Saab,9000,Saab,9000
38,4,Saab,9-3,Saab,9-3
38,940,Saab,9-3X,Saab,9-3X
38,1004,Saab,9-4X,Saab,9-4X
38,212,Saab,9-5,Saab,9-5
1328,576,Santana,300,Santana,300
1328,577,Santana,350,Santana,350
1328,697,Santana,Anibal,Santana,Anibal
1328,711,Santana,Anibal Pick Up,Santana,Anibal Pick Up
39,341,Seat,Alhambra,Seat,Alhambra
39,525,Seat,ALTEA,Seat,ALTEA
39,624,Seat,Altea Freetrack,Seat,Altea Freetrack
39,600,Seat,Altea XL,Seat,Altea XL
39,1231,Seat,Arona,Seat,Arona
39,349,Seat,Arosa,Seat,Arosa
39,1182,Seat,Ateca,Seat,Ateca
39,94,Seat,Córdoba,Seat,Córdoba
39,923,Seat,Exeo,Seat,Exeo
39,2,Seat,Ibiza,Seat,Ibiza
39,669,Seat,Inca,Seat,Inca
39,410,Seat,León,Seat,León
39,808,Seat,Malaga,Seat,Malaga
39,225,Seat,Marbella,Seat,Marbella
39,1011,Seat,Mii,Seat,Mii
39,809,Seat,Ronda,Seat,Ronda
39,1264,Seat,Tarraco,Seat,Tarraco
39,650,Seat,Terra,Seat,Terra
39,98,Seat,Toledo,Seat,Toledo
1422,1524,None,None,None,None
1422,1541,None,None,None,None
40,806,Skoda,130,Skoda,130
40,1034,Skoda,Citigo,Skoda,Citigo
40,1341,Skoda,None,Skoda,None
40,1435,Skoda,None,Skoda,None
40,411,Skoda,Fabia,Skoda,Fabia
40,805,Skoda,Favorit,Skoda,Favorit
40,9,Skoda,Felicia,Skoda,Felicia
40,108,Skoda,Forman,Skoda,Forman
40,1296,Skoda,Kamiq,Skoda,Kamiq
40,1230,Skoda,Karoq,Skoda,Karoq
40,1212,Skoda,Kodiaq,Skoda,Kodiaq
40,350,Skoda,Octavia,Skoda,Octavia
40,351,Skoda,Octavia Tour,Skoda,Octavia Tour
40,657,Skoda,Pickup,Skoda,Pickup
40,1053,Skoda,Rapid,Skoda,Rapid
40,604,Skoda,Roomster,Skoda,Roomster
40,807,Skoda,S,Skoda,S
40,1278,Skoda,Scala,Skoda,Scala
40,610,Skoda,Scout,Skoda,Scout
40,1093,Skoda,Spaceback,Skoda,Spaceback
40,457,Skoda,Superb,Skoda,Superb
40,943,Skoda,Yeti,Skoda,Yeti
1425,1549,None,None,None,None
41,1446,Smart,None,Smart,None
41,1525,Smart,None,Smart,None
41,327,Smart,cabrio,Smart,cabrio
41,317,Smart,city-coupé,Smart,city-coupé
41,467,Smart,crossblade,Smart,crossblade
41,524,Smart,forfour,Smart,forfour
41,318,Smart,fortwo,Smart,fortwo
41,472,Smart,roadster,Smart,roadster
41,316,Smart,smart,Smart,smart
42,601,Ssangyong,Actyon,Ssangyong,Actyon
42,719,Ssangyong,Actyon Sports Pick Up,Ssangyong,Actyon Sports Pick Up
42,22,Ssangyong,Family,Ssangyong,Family
42,23,Ssangyong,K4D,Ssangyong,K4D
42,740,Ssangyong,Kodando,Ssangyong,Kodando
42,21,Ssangyong,Korando,Ssangyong,Korando
42,274,Ssangyong,Korando KJ,Ssangyong,Korando KJ
42,572,Ssangyong,Kyron,Ssangyong,Kyron
42,136,Ssangyong,Musso,Ssangyong,Musso
42,470,Ssangyong,Rexton,Ssangyong,Rexton
42,528,Ssangyong,Rexton II,Ssangyong,Rexton II
42,569,Ssangyong,Rodius,Ssangyong,Rodius
42,708,Ssangyong,Sports Pick Up,Ssangyong,Sports Pick Up
42,1141,Ssangyong,Tivoli,Ssangyong,Tivoli
42,1373,Ssangyong,None,Ssangyong,None
42,1513,Ssangyong,None,Ssangyong,None
42,1193,Ssangyong,XLV,Ssangyong,XLV
43,804,Subaru,1800,Subaru,1800
43,593,Subaru,B9 Tribeca,Subaru,B9 Tribeca
43,1049,Subaru,BRZ,Subaru,BRZ
43,1528,Subaru,None,Subaru,None
43,310,Subaru,Forester,Subaru,Forester
43,523,Subaru,G3X Justy,Subaru,G3X Justy
43,63,Subaru,Impreza,Subaru,Impreza
43,158,Subaru,Justy,Subaru,Justy
43,62,Subaru,Legacy,Subaru,Legacy
43,1170,Subaru,LEVORG,Subaru,LEVORG
43,308,Subaru,Outback,Subaru,Outback
43,1481,Subaru,None,Subaru,None
43,64,Subaru,SVX,Subaru,SVX
43,1001,Subaru,Trezia,Subaru,Trezia
43,884,Subaru,Tribeca,Subaru,Tribeca
43,981,Subaru,WRX STI,Subaru,WRX STI
43,803,Subaru,XT,Subaru,XT
43,1022,Subaru,XV,Subaru,XV
44,1338,Suzuki,None,Suzuki,None
44,252,Suzuki,Alto,Suzuki,Alto
44,142,Suzuki,Baleno,Suzuki,Baleno
44,1142,Suzuki,Celerio,Suzuki,Celerio
44,320,Suzuki,Grand Vitara,Suzuki,Grand Vitara
44,465,Suzuki,Grand Vitara XL-7,Suzuki,Grand Vitara XL-7
44,332,Suzuki,Ignis,Suzuki,Ignis
44,319,Suzuki,Jimny,Suzuki,Jimny
44,978,Suzuki,Kizashi,Suzuki,Kizashi
44,458,Suzuki,Liana,Suzuki,Liana
44,10,Suzuki,Maruti,Suzuki,Maruti
44,168,Suzuki,Samurai,Suzuki,Samurai
44,1060,Suzuki,SCross,Suzuki,SCross
44,892,Suzuki,Splash,Suzuki,Splash
44,1349,Suzuki,None,Suzuki,None
44,44,Suzuki,Swift,Suzuki,Swift
44,589,Suzuki,SX4,Suzuki,SX4
44,1087,Suzuki,SX4 S-Cross,Suzuki,SX4 S-Cross
44,133,Suzuki,Vitara,Suzuki,Vitara
44,304,Suzuki,Wagon R+,Suzuki,Wagon R+
1411,1418,None,None,None,None
1411,1419,None,None,None,None
156,802,Talbot,Horizon,Talbot,Horizon
156,774,Talbot,Samba,Talbot,Samba
156,801,Talbot,Solara,Talbot,Solara
156,800,Talbot,Tagora,Talbot,Tagora
45,1045,Tata,Aria,Tata,Aria
45,585,Tata,Grand Safari,Tata,Grand Safari
45,468,Tata,INDICA,Tata,INDICA
45,538,Tata,INDIGO,Tata,INDIGO
45,325,Tata,Safari,Tata,Safari
45,315,Tata,Sumo,Tata,Sumo
45,147,Tata,Telco,Tata,Telco
45,146,Tata,Telcosport,Tata,Telcosport
45,676,Tata,TL Pick Up,Tata,TL Pick Up
45,1032,Tata,Vista,Tata,Vista
45,1035,Tata,Xenon,Tata,Xenon
45,874,Tata,Xenon Pick Up,Tata,Xenon Pick Up
1354,1262,Tesla,Model 3,Tesla,Model 3
1354,1171,Tesla,Model S,Tesla,Model S
1354,1172,Tesla,Model X,Tesla,Model X
1354,1328,Tesla,Model Y,Tesla,Model Y
46,53,Toyota,4Runner,Toyota,4Runner
46,273,Toyota,Auris,Toyota,Auris
46,305,Toyota,Avensis,Toyota,Avensis
46,432,Toyota,Avensis Verso,Toyota,Avensis Verso
46,555,Toyota,Aygo,Toyota,Aygo
46,1396,Toyota,None,Toyota,None
46,1478,Toyota,None,Toyota,None
46,120,Toyota,Camry,Toyota,Camry
46,12,Toyota,Carina E,Toyota,Carina E
46,134,Toyota,Celica,Toyota,Celica
46,1211,Toyota,C-HR,Toyota,C-HR
46,272,Toyota,Corolla,Toyota,Corolla
46,1511,Toyota,None,Toyota,None
46,492,Toyota,Corolla Sedán,Toyota,Corolla Sedán
46,481,Toyota,Corolla Verso,Toyota,Corolla Verso
46,718,Toyota,Dyna,Toyota,Dyna
46,1352,Toyota,None,Toyota,None
46,1340,Toyota,None,Toyota,None
46,1464,Toyota,None,Toyota,None
46,1037,Toyota,GT86,Toyota,GT86
46,1351,Toyota,None,Toyota,None
46,599,Toyota,Hilux,Toyota,Hilux
46,935,Toyota,iQ,Toyota,iQ
46,256,Toyota,Land Cruiser,Toyota,Land Cruiser
46,249,Toyota,Land Cruiser 100,Toyota,Land Cruiser 100
46,877,Toyota,Land Cruiser 200,Toyota,Land Cruiser 200
46,248,Toyota,Land Cruiser 80,Toyota,Land Cruiser 80
46,257,Toyota,Land Cruiser 90,Toyota,Land Cruiser 90
46,1295,Toyota,Mirai,Toyota,Mirai
46,328,Toyota,MR2,Toyota,MR2
46,247,Toyota,Paseo,Toyota,Paseo
46,321,Toyota,Picnic,Toyota,Picnic
46,330,Toyota,Previa,Toyota,Previa
46,331,Toyota,Prius,Toyota,Prius
46,1096,Toyota,Prius+,Toyota,Prius+
46,1312,Toyota,Proace City,Toyota,Proace City
46,1313,Toyota,Proace City Verso,Toyota,Proace City Verso
46,1216,Toyota,Proace Verso,Toyota,Proace Verso
46,131,Toyota,Rav4,Toyota,Rav4
46,150,Toyota,Supra,Toyota,Supra
46,937,Toyota,Urban Cruiser,Toyota,Urban Cruiser
46,931,Toyota,Verso,Toyota,Verso
46,322,Toyota,Yaris,Toyota,Yaris
46,1367,Toyota,None,Toyota,None
46,326,Toyota,Yaris Verso,Toyota,Yaris Verso
1324,28,Umm,100,Umm,100
1324,29,Umm,121,Umm,121
1325,379,Vaz,110 Stawra,Vaz,110 Stawra
1325,390,Vaz,111 Stawra,Vaz,111 Stawra
1325,450,Vaz,112 Stawra,Vaz,112 Stawra
1325,166,Vaz,214,Vaz,214
1325,391,Vaz,215,Vaz,215
47,979,Volkswagen,Amarok,Volkswagen,Amarok
47,1220,Volkswagen,Arteon,Volkswagen,Arteon
47,1005,Volkswagen,Beetle,Volkswagen,Beetle
47,398,Volkswagen,Bora,Volkswagen,Bora
47,545,Volkswagen,Caddy,Volkswagen,Caddy
47,724,Volkswagen,California,Volkswagen,California
47,609,Volkswagen,Caravelle,Volkswagen,Caravelle
47,1020,Volkswagen,CC,Volkswagen,CC
47,152,Volkswagen,Corrado,Volkswagen,Corrado
47,682,Volkswagen,Crafter,Volkswagen,Crafter
47,591,Volkswagen,Eos,Volkswagen,Eos
47,1304,Volkswagen,e-up!,Volkswagen,e-up!
47,570,Volkswagen,Fox,Volkswagen,Fox
47,89,Volkswagen,Golf,Volkswagen,Golf
47,568,Volkswagen,Golf Plus,Volkswagen,Golf Plus
47,1120,Volkswagen,Golf Sportsvan,Volkswagen,Golf Sportsvan
47,1311,Volkswagen,Grand California,Volkswagen,Grand California
47,1428,Volkswagen,None,Volkswagen,None
47,1325,Volkswagen,ID.3,Volkswagen,ID.3
47,1334,Volkswagen,None,Volkswagen,None
47,1388,Volkswagen,None,Volkswagen,None
47,1510,Volkswagen,None,Volkswagen,None
47,399,Volkswagen,Jetta,Volkswagen,Jetta
47,652,Volkswagen,LT,Volkswagen,LT
47,361,Volkswagen,Lupo,Volkswagen,Lupo
47,522,Volkswagen,Multivan,Volkswagen,Multivan
47,405,Volkswagen,New Beetle,Volkswagen,New Beetle
47,83,Volkswagen,Passat,Volkswagen,Passat
47,895,Volkswagen,Passat CC,Volkswagen,Passat CC
47,460,Volkswagen,Phaeton,Volkswagen,Phaeton
47,109,Volkswagen,Polo,Volkswagen,Polo
47,752,Volkswagen,Santana,Volkswagen,Santana
47,799,Volkswagen,Scirocco,Volkswagen,Scirocco
47,346,Volkswagen,Sharan,Volkswagen,Sharan
47,1384,Volkswagen,None,Volkswagen,None
47,656,Volkswagen,Taro,Volkswagen,Taro
47,1265,Volkswagen,T-Cross,Volkswagen,T-Cross
47,628,Volkswagen,Tiguan,Volkswagen,Tiguan
47,1240,Volkswagen,Tiguan Allspace,Volkswagen,Tiguan Allspace
47,461,Volkswagen,Touareg,Volkswagen,Touareg
47,462,Volkswagen,Touran,Volkswagen,Touran
47,636,Volkswagen,Transporter,Volkswagen,Transporter
47,1232,Volkswagen,T-Roc,Volkswagen,T-Roc
47,1009,Volkswagen,up!,Volkswagen,up!
47,95,Volkswagen,Vento,Volkswagen,Vento
47,1065,Volkswagen,XL1,Volkswagen,XL1
48,796,Volvo,240,Volvo,240
48,798,Volvo,340,Volvo,340
48,797,Volvo,360,Volvo,360
48,45,Volvo,440,Volvo,440
48,179,Volvo,460,Volvo,460
48,112,Volvo,480,Volvo,480
48,795,Volvo,740,Volvo,740
48,794,Volvo,760,Volvo,760
48,793,Volvo,780,Volvo,780
48,46,Volvo,850,Volvo,850
48,88,Volvo,940,Volvo,940
48,180,Volvo,960,Volvo,960
48,551,Volvo,C30,Volvo,C30
48,1378,Volvo,None,Volvo,None
48,302,Volvo,C70,Volvo,C70
48,229,Volvo,Classic,Volvo,Classic
48,1548,Volvo,None,Volvo,None
48,1500,Volvo,None,Volvo,None
48,1544,Volvo,None,Volvo,None
48,1470,Volvo,None,Volvo,None
48,284,Volvo,S40,Volvo,S40
48,436,Volvo,S60,Volvo,S60
48,1157,Volvo,S60 Cross Country,Volvo,S60 Cross Country
48,47,Volvo,S70,Volvo,S70
48,371,Volvo,S80,Volvo,S80
48,181,Volvo,S90,Volvo,S90
48,285,Volvo,V40,Volvo,V40
48,1050,Volvo,V40 Cross Country,Volvo,V40 Cross Country
48,286,Volvo,V50,Volvo,V50
48,977,Volvo,V60,Volvo,V60
48,1156,Volvo,V60 Cross Country,Volvo,V60 Cross Country
48,48,Volvo,V70,Volvo,V70
48,49,Volvo,V70 Classic,Volvo,V70 Classic
48,300,Volvo,V70 XC,Volvo,V70 XC
48,182,Volvo,V90,Volvo,V90
48,1204,Volvo,V90 Cross Country,Volvo,V90 Cross Country
48,1233,Volvo,XC40,Volvo,XC40
48,900,Volvo,XC60,Volvo,XC60
48,301,Volvo,XC70,Volvo,XC70
48,486,Volvo,XC90,Volvo,XC90
1426,1562,None,None,None,None
1426,1561,None,None,None,None
1435,1593,None,None,None,None
1435,1595,None,None,None,None
1435,1594,None,None,None,None
1421,1522,None,None,None,None
1418,1475,None,None,None,None
